{
  "overall_accuracy": 0.8493280593869613,
  "component_count": 11,
  "total_components": 11,
  "component_scores": {
    "author": 0.7796521739130435,
    "badgesymbol": 0.88,
    "bullets": 0.8181918451473761,
    "caption": 0.9378378378378378,
    "content": 0.8803663998259365,
    "frontmatter": 0.9333333333333332,
    "jsonld": 0.7856647987773816,
    "metatags": 0.7166666666666667,
    "propertiestable": 0.8668493150684932,
    "table": 0.9524627875507443,
    "tags": 0.7915834951357615
  },
  "evaluation_criteria": {
    "structure_match": "YAML frontmatter and content structure",
    "content_quality": "Relevance and completeness",
    "format_compliance": "Markdown formatting and syntax",
    "schema_adherence": "Following component schema requirements"
  }
}